position	residue	pDP	Sbind
1	M	0.9562	1.5219
2	A	0.9532	1.8955
3	Q	0.9494	2.6062
4	E	0.9362	2.6282
5	Q	0.8955	2.7183
6	G	0.8097	2.652
7	H	0.6763	2.6878
8	F	0.4857	2.6867
9	Q	0.3899	2.7137
10	L	0.3437	2.7196
11	L	0.3135	2.6712
12	R	0.2659	2.8531
13	A	0.2616	2.8028
14	D	0.2363	2.6606
15	A	0.229	2.4985
16	I	0.2314	2.8
17	R	0.2475	2.8327
18	S	0.2641	2.8851
19	K	0.2849	2.8227
20	L	0.3139	2.6741
21	I	0.2885	2.7137
22	D	0.2839	2.6402
23	T	0.2709	2.5809
24	F	0.2636	2.4975
25	S	0.2567	2.3733
26	L	0.2451	2.3815
27	I	0.231	2.2264
28	E	0.2232	2.5114
29	H	0.2143	2.4624
30	L	0.215	2.4496
31	Q	0.2167	2.3663
32	G	0.2411	2.3033
33	L	0.2629	2.0755
34	S	0.2807	1.9993
35	Q	0.2622	2.1038
36	A	0.2453	2.1762
37	V	0.2068	2.1302
38	P	0.1892	1.964
39	R	0.176	1.8268
40	H	0.1744	1.5746
41	T	0.1726	1.4583
42	L	0.1768	1.6336
43	R	0.1812	1.7605
44	E	0.1848	2.0114
45	I	0.1881	2.1077
46	L	0.1937	2.0256
47	D	0.1994	1.9242
48	P	0.2019	2.0256
49	S	0.193	2.1077
50	Y	0.1856	1.9944
51	Q	0.178	1.8613
52	Q	0.1872	1.6136
53	K	0.2084	1.4013
54	L	0.2277	1.2105
55	M	0.2405	1.2635
56	S	0.2526	1.3216
57	G	0.2631	1.4013
58	D	0.2507	1.4239
59	Q	0.2315	1.4744
60	E	0.2056	1.8786
61	Q	0.1791	2.3054
62	L	0.1855	2.4515
63	V	0.183	2.4045
64	R	0.1849	2.4045
65	F	0.189	2.4045
66	S	0.199	2.4771
67	I	0.2011	2.3403
68	K	0.2167	1.9713
69	P	0.2437	1.771
70	R	0.2976	1.5074
71	R	0.3455	1.4839
72	M	0.3598	1.6431
73	G	0.346	1.7629
74	H	0.3236	1.7629
75	I	0.311	1.7316
76	T	0.2773	1.7586
77	H	0.2479	1.7132
78	S	0.2334	1.543
79	R	0.222	1.3199
80	R	0.2071	1.6159
81	L	0.2028	1.8419
82	L	0.2228	2.1031
83	S	0.2346	2.254
84	R	0.2425	2.3041
85	L	0.2552	2.3377
86	R	0.241	2.4409
87	V	0.2135	2.5212
88	R	0.2054	2.3912
89	C	0.1962	2.2766
90	S	0.2062	2.0998
91	R	0.219	1.5831
92	M	0.2313	1.4239
93	P	0.2283	1.3162
94	P	0.2194	1.365
95	L	0.2052	1.0585
96	S	0.1971	0.9971
97	L	0.1858	1.2057
98	W	0.1787	1.3471
99	A	0.1737	1.3216
100	G	0.1739	1.4467
101	W	0.1762	1.6334
102	V	0.1897	1.6373
103	L	0.1955	1.5492
104	D	0.1965	1.6947
105	S	0.1965	1.7219
106	S	0.1846	1.5621
107	V	0.1711	1.6373
108	F	0.1627	1.5946
109	S	0.1577	1.4124
110	K	0.1575	1.4905
111	F	0.1578	1.6405
112	I	0.1695	1.6693
113	I	0.1767	1.7498
114	S	0.1806	1.8304
115	L	0.1818	1.725
116	I	0.1818	1.806
117	F	0.1857	1.9884
118	L	0.1857	1.9884
119	N	0.1885	1.958
120	T	0.2066	2.018
121	F	0.2056	1.9644
122	V	0.2047	1.8944
123	L	0.2041	1.7125
124	M	0.2026	1.867
125	V	0.1917	1.9005
126	E	0.1787	2.1495
127	I	0.177	2.1611
128	E	0.1561	1.7675
129	L	0.1632	1.6643
130	M	0.1705	1.3817
131	E	0.1872	1.2432
132	S	0.2031	1.2432
133	T	0.217	1.2432
134	N	0.2282	1.3978
135	T	0.2139	1.4831
136	A	0.189	1.4831
137	L	0.1722	1.4952
138	W	0.1641	1.7132
139	P	0.1629	1.8341
140	V	0.1697	1.9403
141	K	0.1735	1.97
142	L	0.1913	2.0492
143	A	0.1955	2.0295
144	L	0.2023	2.2188
145	E	0.214	2.3702
146	V	0.2134	2.5266
147	A	0.204	2.5721
148	D	0.1986	2.5978
149	W	0.1987	2.5067
150	F	0.1846	2.5454
151	I	0.185	2.4856
152	L	0.1963	2.3918
153	L	0.1966	2.1556
154	S	0.191	2.0492
155	F	0.1876	1.8914
156	I	0.1871	1.9351
157	V	0.1877	1.916
158	E	0.1698	1.9502
159	I	0.1596	1.9913
160	L	0.1596	2.0825
161	L	0.1604	2.1873
162	M	0.182	2.313
163	W	0.1948	2.418
164	L	0.2146	2.4198
165	A	0.2155	2.1077
166	S	0.2144	2.1077
167	F	0.2154	2.185
168	S	0.191	2.1919
169	L	0.1835	2.2853
170	F	0.1773	2.2695
171	W	0.1693	2.0103
172	K	0.1466	1.6082
173	D	0.1376	1.2424
174	A	0.1346	0.7219
175	W	0.1329	0.422
176	N	0.132	0.316
177	V	0.1323	0.6054
178	F	0.1339	0.8324
179	D	0.1358	1.252
180	F	0.1369	1.7949
181	F	0.1612	2.0859
182	V	0.1617	2.2159
183	T	0.1621	2.2159
184	L	0.1625	2.2246
185	L	0.1582	2.1712
186	S	0.1531	2.0055
187	L	0.1485	1.7218
188	L	0.1494	1.415
189	P	0.1502	1.1367
190	E	0.1574	0.8981
191	L	0.16	1.1372
192	V	0.1691	1.1804
193	V	0.1772	1.2825
194	L	0.189	1.5409
195	L	0.2033	1.6704
196	G	0.2159	1.9959
197	V	0.2227	2.0465
198	P	0.2293	2.0676
199	A	0.2154	2.1179
200	H	0.2029	2.0883
201	S	0.1858	2.0801
202	V	0.1835	2.1426
203	W	0.1796	2.1555
204	L	0.1934	2.0685
205	Q	0.2039	2.2334
206	L	0.227	2.1419
207	L	0.2389	2.1647
208	R	0.2392	2.1412
209	V	0.2394	2.1412
210	C	0.2238	2.0367
211	R	0.2183	2.0413
212	V	0.2411	2.1412
213	L	0.2314	2.0801
214	R	0.2176	2.0254
215	S	0.2178	2.0755
216	L	0.2167	2.2362
217	K	0.1941	2.1786
218	L	0.1815	2.0515
219	F	0.1779	2.1325
220	A	0.1662	1.9476
221	R	0.1581	1.749
222	F	0.1559	1.7888
223	R	0.1531	1.6977
224	Q	0.153	1.9418
225	I	0.1542	2.0939
226	K	0.175	2.3733
227	V	0.2125	2.4013
228	I	0.2271	2.3158
229	L	0.2275	2.1257
230	L	0.2279	2.1188
231	A	0.2215	2.1901
232	L	0.1908	2.1652
233	V	0.1875	2.1423
234	R	0.1768	2.1982
235	A	0.1724	2.0624
236	L	0.1681	1.825
237	K	0.1669	1.7934
238	S	0.1653	1.7934
239	M	0.1606	1.7498
240	T	0.1572	1.6437
241	F	0.156	1.5588
242	L	0.1536	1.4581
243	L	0.1534	1.228
244	M	0.1503	1.326
245	L	0.1542	1.4888
246	L	0.1582	1.5621
247	L	0.1603	1.6907
248	I	0.1605	1.6334
249	F	0.1612	1.5424
250	F	0.1671	1.5946
251	Y	0.1778	1.6678
252	I	0.178	1.7582
253	F	0.177	1.719
254	A	0.1722	1.716
255	V	0.1705	1.6258
256	T	0.1694	1.5175
257	G	0.1653	1.3752
258	V	0.1617	1.3136
259	Y	0.155	1.4119
260	F	0.1536	1.2075
261	F	0.1494	0.971
262	R	0.1469	0.9947
263	E	0.1456	0.9275
264	Y	0.1466	0.8224
265	S	0.1495	0.7755
266	R	0.1503	0.8224
267	S	0.1544	0.9275
268	T	0.1519	0.9275
269	I	0.1474	0.9275
270	E	0.144	0.9275
271	G	0.1451	0.9852
272	L	0.1503	1.1562
273	E	0.1425	1.2432
274	Y	0.1409	1.2432
275	N	0.1394	1.2076
276	M	0.1405	1.2532
277	F	0.1451	1.228
278	F	0.1499	1.2708
279	S	0.147	1.326
280	D	0.1462	1.326
281	L	0.1486	1.2946
282	L	0.1519	1.5074
283	N	0.1542	1.7499
284	S	0.1577	1.9976
285	L	0.1598	2.0624
286	V	0.1689	1.9556
287	T	0.1713	1.7977
288	V	0.1732	1.6291
289	F	0.173	1.9439
290	I	0.1704	2.0462
291	L	0.1665	1.9005
292	F	0.1582	1.6643
293	T	0.1388	1.4839
294	L	0.1391	1.4518
295	D	0.1385	1.4013
296	H	0.1387	1.4043
297	W	0.1476	1.519
298	Y	0.1503	1.7106
299	A	0.1599	1.8357
300	V	0.1683	1.9588
301	L	0.1693	1.8369
302	Q	0.1685	2.0616
303	D	0.1669	2.0842
304	I	0.1678	2.0755
305	W	0.15	1.9177
306	K	0.1519	1.4893
307	V	0.167	1.1405
308	P	0.1982	0.8998
309	E	0.2334	0.7219
310	S	0.2621	0.7755
311	S	0.2656	0.8224
312	R	0.2392	1.0362
313	V	0.2039	1.3003
314	F	0.1873	1.739
315	S	0.1875	2.1429
316	S	0.191	2.3543
317	I	0.2016	2.2219
318	Y	0.2057	2.2555
319	V	0.2066	2.1302
320	I	0.2071	2.3267
321	L	0.2082	2.3663
322	W	0.1696	2.3366
323	L	0.1709	2.0769
324	L	0.1723	1.9455
325	L	0.1763	1.9938
326	G	0.1825	2.0465
327	S	0.208	2.1228
328	I	0.2137	2.0584
329	I	0.219	1.9913
330	F	0.2306	2.1662
331	R	0.2402	2.2946
332	N	0.2427	2.313
333	I	0.2435	2.1188
334	I	0.2456	2.0486
335	V	0.2482	2.1188
336	A	0.2441	2.0925
337	M	0.2398	2.0536
338	M	0.231	1.7859
339	V	0.2225	1.7045
340	T	0.2237	1.6193
341	N	0.23	1.7376
342	F	0.2513	2.1147
343	Q	0.2755	2.3036
344	N	0.3061	2.4747
345	I	0.3541	2.5878
346	R	0.3765	2.593
347	S	0.4024	2.5721
348	E	0.4252	2.5523
349	L	0.4205	2.4344
350	S	0.4433	2.1119
351	E	0.4448	1.67
352	E	0.4655	1.6114
353	M	0.4591	1.5178
354	S	0.4289	1.852
355	H	0.4102	2.1614
356	L	0.4217	2.1828
357	E	0.4171	2.1988
358	V	0.4161	2.3342
359	Q	0.4157	2.3796
360	Y	0.4011	2.336
361	K	0.4188	2.2555
362	A	0.4305	2.0157
363	D	0.4397	1.8085
364	M	0.4363	1.7102
365	F	0.4343	1.5367
366	K	0.4349	1.3818
367	Q	0.4344	1.4119
368	Q	0.4232	1.4858
369	I	0.4426	1.7394
370	I	0.4545	2.0688
371	Q	0.4849	2.3864
372	R	0.5461	2.6971
373	R	0.7389	2.7867
374	Q	0.8816	2.9563
375	H	0.9216	2.8086
376	S	0.9446	2.2792
377	E	0.9558	1.5974
378	S	0.9635	1.1184
379	L	0.968	0.7875
380	R	0.9684	0.6948
381	G	0.969	0.661
382	T	0.9724	0.7755
383	S	0.975	0.8224
384	L	0.975	0.9275
385	G	0.9742	0.971
386	K	0.973	0.9994
387	V	0.9711	0.9275
388	S	0.9729	0.8224
389	E	0.9733	0.5917
390	D	0.9734	0.316
391	I	0.9744	0.316
392	I	0.9748	0.316
393	E	0.9763	0.316
394	T	0.9792	0.1872
395	S	0.9814	0.1872
396	D	0.9822	0.316
397	A	0.983	0.316
398	S	0.9832	0.316
399	D	0.9834	0.7219
400	D	0.983	0.9275
401	D	0.9824	0.9275
402	D	0.9824	0.9275
403	D	0.9828	0.9275
404	D	0.9832	0.8631
405	D	0.9835	0.7219
406	D	0.9841	0.5917
407	D	0.9841	0.422
408	D	0.9843	0.316
409	D	0.9841	0.422
410	D	0.9836	0.661
411	D	0.9832	0.8224
412	D	0.9822	0.9275
413	D	0.9819	0.971
414	D	0.9818	0.9852
415	D	0.9817	0.9852
416	D	0.9818	0.9852
417	D	0.9825	0.8631
418	K	0.9829	0.5917
419	S	0.9833	0
420	D	0.9836	0
421	A	0.9837	0
422	T	0.9836	0
423	E	0.9836	0
424	S	0.9837	0
425	D	0.9838	0
426	N	0.9837	0
427	E	0.9838	0
428	E	0.9839	0
429	S	0.9841	0
430	D	0.9843	0
431	S	0.9842	0
432	E	0.9842	0
433	N	0.9841	0
434	S	0.984	0
435	E	0.9839	0
436	S	0.9838	0
437	E	0.9836	0
438	N	0.9835	0
439	S	0.9832	0
440	E	0.9825	0
441	S	0.9819	0
442	E	0.9811	0
443	K	0.9806	0.316
444	I	0.98	0.316
445	D	0.9788	0.316
446	P	0.978	0.316
447	E	0.9775	0.316
448	K	0.9764	0.627
449	D	0.9755	0.7304
450	Y	0.9745	0.7304
451	A	0.9743	0.627
452	K	0.974	0.5007
453	K	0.973	0.3731
454	S	0.973	0
455	Y	0.9726	0
456	P	0.9725	0
457	E	0.9731	0
458	K	0.9739	0
459	S	0.9743	0
460	H	0.9753	0
461	P	0.9742	0
462	E	0.9753	0
463	K	0.9756	0
464	S	0.9766	0
465	Y	0.9771	0
466	P	0.9778	0
467	E	0.978	0
468	K	0.9781	0
469	S	0.9787	0
470	H	0.9791	0
471	P	0.9789	0
472	E	0.9789	0
473	K	0.9787	0
474	S	0.9784	0
475	Y	0.978	0
476	P	0.9782	0
477	E	0.9782	0
478	K	0.9779	0
479	S	0.9781	0
480	H	0.9767	0
481	P	0.9752	0
482	K	0.9727	0
483	K	0.9696	0
484	S	0.964	0.5127
485	Y	0.9568	1.0773
486	D	0.9488	1.6619
487	E	0.9303	2.0675
488	Q	0.9063	2.3273
489	A	0.8924	2.3588
490	E	0.8893	2.2229
491	A	0.8951	2.0234
492	E	0.9078	1.9382
493	K	0.9206	1.7516
494	V	0.9425	1.6645
495	K	0.9487	1.7676
496	E	0.9549	1.8282
497	E	0.9555	1.8282
498	S	0.9598	1.8315
499	K	0.9565	1.8199
500	E	0.9491	1.9644
501	K	0.9425	1.9791
502	A	0.9439	1.7072
503	Y	0.9431	1.8474
504	P	0.9448	1.8698
505	V	0.9457	1.6659
506	S	0.9445	2.0211
507	H	0.9543	2.0543
508	S	0.954	1.9791
509	I	0.9506	1.9335
510	S	0.9541	1.825
511	S	0.9544	1.8769
512	H	0.9555	1.9111
513	G	0.9514	2.0755
514	S	0.9398	2.3944
515	T	0.9233	2.7057
516	A	0.8818	2.7989
517	A	0.8384	2.9399
518	D	0.7817	2.8095
519	T	0.7044	2.8048
520	A	0.6344	2.7393
521	F	0.5358	2.5999
522	L	0.4695	2.4996
523	E	0.4805	2.2519
524	N	0.4562	2.319
525	L	0.4167	2.3458
526	D	0.3996	2.3412
527	W	0.3836	2.4975
528	E	0.3728	2.7389
529	T	0.367	2.5768
530	L	0.26	2.8583
531	V	0.2189	2.7418
532	H	0.2321	2.47
533	E	0.2618	2.0484
534	N	0.2917	1.9001
535	L	0.3346	1.8182
536	P	0.3833	1.9223
537	G	0.4337	2.0883
538	L	0.4896	2.0645
539	M	0.532	2.0645
540	D	0.5501	2.0254
541	M	0.5303	2.0648
542	D	0.4645	1.8182
543	Q	0.4473	1.6136
544	D	0.359	1.2708
545	D	0.3026	1.0362
546	R	0.2547	0.8631
547	I	0.2265	1.1702
548	V	0.2169	1.4305
549	W	0.2107	1.6095
550	P	0.2129	1.7668
551	R	0.245	1.9425
552	D	0.2585	2.1855
553	S	0.2454	2.1622
554	L	0.2301	1.7913
555	F	0.2196	1.9455
556	R	0.1989	1.9066
557	Y	0.1947	2.0951
558	F	0.1903	2.0512
559	E	0.1807	2.0216
560	L	0.1601	1.7999
561	L	0.1524	1.4765
562	E	0.152	1.113
563	K	0.1521	1.0362
564	L	0.154	1.2844
565	Q	0.1586	1.5588
566	Y	0.1641	1.7865
567	N	0.1773	1.898
568	L	0.2094	1.9884
569	E	0.2261	1.9641
570	E	0.2451	2.1038
571	R	0.2536	2.0381
572	K	0.256	2.0309
573	K	0.253	2.3673
574	L	0.2473	2.2249
575	Q	0.2362	2.301
576	E	0.2293	2.3195
577	F	0.2278	2.4769
578	A	0.2063	2.336
579	V	0.2045	2.253
580	Q	0.2125	2.3889
581	A	0.227	2.5925
582	L	0.2584	2.5766
583	M	0.3163	2.5865
584	S	0.4626	2.6489
585	F	0.5936	2.5464
586	E	0.7053	2.2062
587	D	0.7051	2.4464
588	K	0.7743	1.9219